{
  "format_version": 2,
  "servers": [
      {
          "name": "Example Project",
          "service": {
              "target": "FLServer.com:8002,8003",
              "scheme": "agrpc"
          },
          "ssl_private_key": "server.key",
          "ssl_cert": "server.crt",
          "ssl_root_cert": "rootCA.pem",
          "connection_security": "mtls"
      }
  ],
  "overseer_agent": {
    "path": "nvflare.ha.dummy_overseer_agent.DummyOverseerAgent",
    "args": {
      "sp_end_point": "FLServer.com:8002:8003"
    }
  }
}
